ASIN;SKU;productType;status;nome;outros alertas
B0CT65J4DG;16830001;PET_SUPPLIES;DISCOVERABLE;Banho A Seco Talco Macho Neutraliza Odores 100g Pet Clean;100331 100332
B0CSWZCY5D;10830005;ANIMAL_FUR_CLEANER_CONDITIONER;DISCOVERABLE;Creme Condicionador Max Gato e Cachorro Linha Profissional Pet Clean 5;100331 100332
B08W5JJ9GQ;06020;ANIMAL_FUR_CLEANER_CONDITIONER;DISCOVERABLE;Creme Condicionador para Cães e Gatos 5l, Pet Clean;
B08VN7DSKV;06021;ANIMAL_FUR_CLEANER_CONDITIONER;DISCOVERABLE;Creme Hidratante para Cães e Gatos 5l, Pet Clean;100331 100332
B086XLYGQ7;7052;ANIMAL_HARNESS;DISCOVERABLE;Gel Dental Tutti-Frutti 90g, Pet Clean;100331 100332
B07W451MRJ;7061;ANIMAL_HARNESS;DISCOVERABLE;LIPPY DOG Cat Nipe Liquido Petclean;
B07YGS2X4C;7045;ANIMAL_HARNESS;DISCOVERABLE;Lenço Umedecido para Filhotes 75 Unidades, Pet Clean;100331 100332
B089ZWTCFY;7084;ANIMAL_HARNESS;DISCOVERABLE;Lenço Umedecido para Gatos 75 Unidades, Pet Clean;
B09BDGFFWZ;7090;PERSONAL_FRAGRANCE;DISCOVERABLE;Perfume para Cães e Gatos Filhotes 500ml, Pet Clean;
B09BDCH6HB;7091;PERSONAL_FRAGRANCE;DISCOVERABLE;Perfume para Cães e Gatos Fêmea 500ml, Pet Clean;100331 100332
B0GR6PFCBJ;12930018;PET_SUPPLIES;DISCOVERABLE;Pet Clean Banho a Seco e Limpa Patas com Bolinha, Linha Turma do R10;100331 100332
B0CYXBSVNY;15830000;PET_SUPPLIES;DISCOVERABLE;Pet Clean Protetor Solar Termo Hidratante para Cães e Gatos 90 g;100331 100332
B0GR787FRW;10030053;ANIMAL_FUR_CLEANER_CONDITIONER;DISCOVERABLE;Pet Clean Shampoo Neutro para Cães e Gatos, Linha Turma do R10;100331 100332
B092LF3RZP;07095;ANIMAL_HARNESS;DISCOVERABLE;Resfriador de Lâmina 420ml, Pet Clean;100331 100332
B091D8WZ2C;07103;ANIMAL_FUR_CLEANER_CONDITIONER;DISCOVERABLE;Sabonete Glicerinado de Coco para Cães e Gatos 80g, Pet Clean;100331 100332
B0CSXHTRLG;10230072;ANIMAL_FUR_CLEANER_CONDITIONER;DISCOVERABLE;Shampoo Branqueador Cachorro e Gato Max Linha Profissional Pet Clean 5;100331 100332
B08W98BZQ5;06006;ANIMAL_FUR_CLEANER_CONDITIONER;DISCOVERABLE;Shampoo Escuredor 2 em 1 para Cães e Gatos 5L, Pet Clean;100331 100332
B08W2FDK25;06014;ANIMAL_FUR_CLEANER_CONDITIONER;DISCOVERABLE;Shampoo Filhotes 2 em 1 para Cães e Gatos 5l, Pet Clean;100331 100332
B087JCTGZW;7014;ANIMAL_FUR_CLEANER_CONDITIONER;DISCOVERABLE;Shampoo Filhotes 2 em 1-700ml Pet Clean;100331 100332
B0CSXH7HDK;10230071;ANIMAL_FUR_CLEANER_CONDITIONER;DISCOVERABLE;Shampoo Filhotes para Cachorro e Gato Max Linha Profissional Pet Clean;100331 100332
B099HCHBL6;06008;ANIMAL_FUR_CLEANER_CONDITIONER;DISCOVERABLE;Shampoo Marshmallow 2 em 1-5l Pet Clean;100331 100332
B0916932VK;06017;ANIMAL_FUR_CLEANER_CONDITIONER;DISCOVERABLE;Shampoo Natural 2 em 1 para Cães e Gatos 5l, PetClean;100331 100332
B092LDSSPW;7017;ANIMAL_HARNESS;DISCOVERABLE;Shampoo Natural Açaí 2 em 1, 700ml, Pet Clean;100331 100332
B09X695LJP;14630075;ANIMAL_FUR_CLEANER_CONDITIONER;DISCOVERABLE;Shampoo Pet Clean D-Pantenol e Extrato de Aveia para Cães e Gatos 400m;100331 100332
B099H955MY;06009;ANIMAL_FUR_CLEANER_CONDITIONER;DISCOVERABLE;Shampoo de Morango 2 em 1 para Cães e Gatos 5l, Pet Clean;100331 100332
B09BDDRV3S;06010;ANIMAL_FUR_CLEANER_CONDITIONER;DISCOVERABLE;Shampoo para Cavalos 2 em 1-5l Pet Clean;100331 100332
B0CSXJMN21;16830004;PET_SUPPLIES;DISCOVERABLE;Talco Banho a Seco Sem Enxágue Elimina Odores 100g Pet Clean;100331 100332
B09BDFDC9Y;060016;ANIMAL_HARNESS;DISCOVERABLE;sabonete de coco liquido, branco PETCLEAN;100331 100332
B08YRV4T2T;6015;ANIMAL_FUR_CLEANER_CONDITIONER;DISCOVERABLE;shampoo 3x1 5L PetClean;100331 100332
